3	DZ	Algeria
13	AU	Australia
23	BJ	Benin
28	BW	Botswana
34	BF	Burkina_Faso
38	CA	Canada
39	CV	Cape_Verde
42	TD	Chad
48	KM	Comoros
58	DK	Denmark
64	EG	Egypt
69	ET	Ethiopia
74	FR	France
79	GM	Gambia
81	DE	Germany
82	GH	Ghana
97	HK	Hong_Kong
100	IN	India
103	IQ	Iraq
105	IL	Israel
108	JP	Japan
109	JO	Jordan
111	KE	Kenya
120	LB	Lebanon
122	LR	Liberia
123	LY	Libyan_Arab_Jamahiriya
129	MG	Madagascar
130	MW	Malawi
137	MR	Mauritania
147	MA	Morocco
153	NL	Netherlands
156	NZ	New_Zealand
177	QA	Qatar
191	SN	Senegal
194	SL	Sierra_Leone
195	SG	Singapore
199	SO	Somalia
200	ZA	South_Africa
208	SE	Sweden
209	CH	Switzerland
211	TW	Taiwan
219	TN	Tunisia
220	TR	Turkey
226	AE	United_Arab_Emirates
227	GB	United_Kingdom
228	US	United_States
239	YE	Yemen
240	ZM	Zambia
